{
  "SUPABASE_URL": "https://drvoosveunmvhpxwcddm.supabase.co",
  "SUPABASE_ANON_KEY": "eyJhbGciOiJIUzI1NiIsInR5cCI6IkpXVCJ9.eyJpc3MiOiJzdXBhYmFzZSIsInJlZiI6ImRydm9vc3ZldW5tdmhweHdjZGRtIiwicm9sZSI6ImFub24iLCJpYXQiOjE3NTE2MzQ5MzEsImV4cCI6MjA2NzIxMDkzMX0.jm_5bfZyFSXRyYiHzRaD-rxqVU67zG_bTTDLjrq5Dyc",
  "OPENAI_API_KEY": "your-openai-api-key-here",
  "GEMINI_API_KEY": "your-gemini-api-key-here",
  "ANTHROPIC_API_KEY": "your-anthropic-api-key-here",
  "PERPLEXITY_API_KEY": "your-perplexity-api-key-here"
}